model,predictors,AICc,LL,mR2,cR2,RDF,logLik,n_predictors,adjAICc,deltaAICc,delta_adjAICc
bait,none,963.2837627892276,-476.32273245844357,0.011228402566860252,0.01122842319558466,95,NA,0,963.2837627892276,0,0
